"Theta [deg]","dB(RealizedGainPhi) [] - Freq='3.607GHz' Phi='0deg'","dB(RealizedGainPhi) [] - Freq='4.682GHz' Phi='0deg'","dB(RealizedGainPhi) [] - Freq='5.5GHz' Phi='0deg'","dB(RealizedGainPhi) [] - Freq='6.5GHz' Phi='0deg'","dB(RealizedGainPhi) [] - Freq='7.644GHz' Phi='0deg'","dB(RealizedGainPhi) [] - Freq='8.925GHz' Phi='0deg'","dB(RealizedGainPhi) [] - Freq='9.531GHz' Phi='0deg'","dB(RealizedGainPhi) [] - Freq='10.5GHz' Phi='0deg'","dB(RealizedGainPhi) [] - Freq='11.824GHz' Phi='0deg'","dB(RealizedGainPhi) [] - Freq='13GHz' Phi='0deg'","dB(RealizedGainPhi) [] - Freq='13.93GHz' Phi='0deg'","dB(RealizedGainPhi) [] - Freq='14.5GHz' Phi='0deg'"
0,1.0761948035533,1.48972506048252,1.64513019483736,1.85411007294132,2.51878247730297,1.82635210987188,1.81407959803833,-1.96659064711535,2.86402892756942,3.27879020357264,2.91527338269599,0.464749353928829
1,1.07615752946018,1.49087059471977,1.64529361477242,1.85507493244003,2.52203235961223,1.82286314455354,1.8115389436299,-1.97066802396516,2.86342456549287,3.28394939907184,2.9107455854059,0.454712170852078
2,1.0760100256979,1.49173272238051,1.64499990255744,1.8551631354234,2.52380478869792,1.81756309441813,1.80622245628271,-1.97872462121181,2.86090232612326,3.28361981651476,2.89952096069199,0.437881764800532
3,1.07575255553697,1.492311629911,1.64424859749069,1.85437526416351,2.52411268834249,1.81047016107666,1.79815981278455,-1.99070965456666,2.85636462660875,3.27766773971047,2.88160681710772,0.414434148027497
4,1.07538548392167,1.49260744210162,1.64303941133207,1.85271719585236,2.52298098118491,1.8016060259356,1.78739494287162,-2.00655297909234,2.84963657245423,3.26595477801523,2.856946761438,0.384468620953814
5,1.07490927578317,1.49262024266375,1.64137229447268,1.85020001711382,2.52044601943258,1.79099505998694,1.77398332427282,-2.02617075297616,2.84048008345371,3.24835265308175,2.82542864035628,0.34800231472767
6,1.07432449450089,1.49235010576754,1.63924751961576,1.84683983798933,2.51655474852984,1.7786633601102,1.75798846580611,-2.04947222492817,2.82861267760007,3.22475805507849,2.78689860535366,0.304973753936966
7,1.07363180053985,1.49179713770552,1.63666578049192,1.84265750822091,2.51136361645385,1.76463768718026,1.73947786590474,-2.07636696224716,2.81372951532201,3.19510623811472,2.74117934935457,0.255253876596361
8,1.07283195028902,1.49096152759745,1.63362830263801,1.83767824069856,2.50493724765642,1.74894440063282,1.71851879058015,-2.10677178480001,2.79552710394145,3.15938209695331,2.68809005682099,0.198662043623661
9,1.07192579512211,1.48984360582811,1.63013696284774,1.83193114898714,2.49734690765558,1.73160849719727,1.6951742477453,-2.14061668311092,2.77372696691467,3.11762763278899,2.62746544750424,0.134984109307485
10,1.07091428069864,1.48844390871725,1.62619441356737,1.82544870786446,2.48866879171607,1.71265286672391,1.6694995403874,-2.17784907566335,2.74809759078103,3.06994496597573,2.55917149652079,0.0639896714752668
11,1.06979844651889,1.4867632477645,1.62180420826927,1.81826614774854,2.47898217864055,1.69209787428559,1.64153975729357,-2.21843589484034,2.71847306647379,3.01649437673916,2.48311595037774,-0.0145538430766558
12,1.06857942574144,1.48480278169435,1.6169709237008,1.81042079571652,2.46836749801241,1.66996136446779,1.61132850691987,-2.26236317101027,2.68476703115739,2.95748723706704,2.39925255680493,-0.100871674784299
13,1.06725844526729,1.48256408945165,1.61170027488012,1.8019513774682,2.45690436579699,1.64625916110991,1.5788881198497,-2.30963299461665,2.64698078404636,2.89317411983178,2.30757887856664,-0.195177073488215
14,1.06583682608908,1.48004924226705,1.60599921879938,1.79289729600101,2.44466964848724,1.62100610463167,1.54423144271635,-2.36025795917551,2.6052047894284,2.82382880988953,2.20812853833727,-0.297670581299061
15,1.06431598389873,1.47726087292544,1.59987604300003,1.78329790387889,2.43173561943801,1.59421763116616,1.50736522816662,-2.41425340601821,2.55961318858003,2.7497293631295,2.10095960503531,-0.408541382323169
16,1.06269742994123,1.47420224042856,1.59334043550277,1.77319178673139,2.41816827218709,1.56591185544159,1.46829499973695,-2.4716279880253,2.51045141372736,2.6711377216567,1.98614145041265,-0.52796827020856
17,1.06098277209702,1.47087728834385,1.58640353300098,1.76261607595113,2.40402585402303,1.53611207569168,1.42703114664905,-2.53237323053479,2.45801751901923,2.58827965005693,1.86374267140357,-0.656117734072791
18,1.05917371616982,1.46729069527285,1.57907794475316,1.751605808416,2.38935767858641,1.50484957715776,1.38359589089159,-2.59645288205352,2.40263839080891,2.50132686476825,1.73382252486198,-0.793137180795521
19,1.05727206735218,1.46344791605043,1.57137775022462,1.7401933504055,2.37420326881234,1.47216657435911,1.33803067625199,-2.66379290716197,2.34464253173444,2.41038315347506,1.59642775183864,-0.93914233791134
20,1.05527973183565,1.45935521249685,1.56331846921677,1.72840790168415,2.35859187116519,1.43811910439994,1.29040346357012,-2.73427297337264,2.28433157373656,2.31547601294609,1.45159574125419,-1.09419926056792
21,1.05319871852858,1.45501967278232,1.55491700396547,1.71627509398291,2.34254236920576,1.40277966677211,1.24081538394968,-2.80772021920158,2.22195299730044,2.21655488801,1.29936382559896,-1.2583028694859
22,1.05103114084026,1.45044921872285,1.54619155346769,1.70381669584053,2.32606360957938,1.36623940128032,1.18940620545922,-2.88390596127906,2.157676651101,2.11349651461332,1.13978329065989,-1.43135531050295
23,1.04877921848726,1.44565260060072,1.53716150108467,1.69105043301286,2.30915513718574,1.32860960583465,1.13635811032004,-2.96254580609998,2.0915775260405,2.00611721885924,0.9729356139237,-1.61314839286351
24,1.04644527927432,1.44063937938507,1.52784727724642,1.67798993048808,2.2918083193682,1.29002241994863,1.08189735797784,-3.04330338370177,2.02362681870046,1.89419137102213,0.798947704702536,-1.80335472039845
25,1.04403176080109,1.43541989651241,1.51827019982165,1.66464477865366,2.27400782228502,1.25063053694213,1.02629352205434,-3.12579762899315,1.9536926409652,1.77747460127384,0.618002639510441,-2.0015317379911
26,1.04154121204369,1.43000523166493,1.50845229539484,1.65102072246134,2.25573338704421,1.21060585633182,0.969856131259534,-3.20961322182621,1.88155085816552,1.6557298984481,0.43034263725977,-2.20714172934716
27,1.03897629476023,1.42440714925068,1.49841610528465,1.63711996866354,2.23696183950222,1.17013704524549,0.91292870915528,-3.29431348685789,1.80690556623471,1.52875436291591,0.236261793547103,-2.41958888297643
28,1.03633978466916,1.4186380345368,1.48818448062533,1.62294160249322,2.21766925655278,1.12942604089981,0.855880386272567,-3.37945478227056,1.72941776587944,1.39640418627995,0.0360873152756352,-2.63827207243973
29,1.0336345723506,1.41271082060966,1.4777803711967,1.60848210167702,2.19783320384221,1.0886835917825,0.799095439373859,-3.46460120812245,1.64873997154473,1.25861539995802,-0.16985046540421,-2.86264927826244
30,1.03086366382231,1.40663890752812,1.46722661291537,1.59373593255435,2.17743495555902,1.04812399942161,0.742961283486706,-3.54933837265563,1.56455389379573,1.11541809580631,-0.381257335617953,-3.09230702457625
31,1.02803018074468,1.40043607519436,1.45654571898174,1.57869621045428,2.15646160649951,1.00795928155576,0.68785558818652,-3.63328499065306,1.47660800769749,0.966942208209097,-0.597920109020454,-3.32702628672928
32,1.02513736021224,1.39411639158686,1.44575967960907,1.56335540446905,2.13490799006532,0.968393027140515,0.634133295684939,-3.71610125870022,1.38475177987673,0.813413591358575,-0.819752225591502,-3.56683549563071
33,1.02218855409313,1.38769411807984,1.43488977504536,1.54770606544399,2.11277832308506,0.92961425006521,0.582114371186351,-3.79749324591449,1.28896355440345,0.655140038881184,-1.04683416917953,-3.81204183271045
34,1.01918722788251,1.38118361361111,1.4239564062421,1.53174155542978,2.09008750907746,0.891791568220291,0.532073105699035,-3.87721292486357,1.18936955452072,0.492488038563323,-1.27944258350123,-4.06323404544962
35,1.01613695904108,1.37459923945648,1.41297894703851,1.51545675703476,2.0668620453461,0.855068034857655,0.484229713403218,-3.95505390154057,1.08625209947784,0.325852326112702,-1.51806251668857,-4.32125328789581
36,1.01304143479517,1.36795526632266,1.40197562113285,1.49884874205353,2.04314049553259,0.819556928314577,0.438744822087267,-4.03084333451807,0.980045921545555,0.155621518065515,-1.76337859950847,-4.58713250355608
37,1.00990444938135,1.36126578538625,1.39096340642358,1.48191738038539,2.01897350726056,0.78533876386823,0.395717255928104,-4.10443091317709,0.871322359928699,-0.01785596692204,-2.01624305414017,-4.86200896564329
38,1.00672990072389,1.3545446247846,1.37995796854775,1.46466587250966,1.9944233734916,0.75245972924657,0.355185271858294,-4.17567605440336,0.760762166709781,-0.194301079270704,-2.27762098056996,-5.14701813042331
39,1.00352178654092,1.34780527291093,1.36897362464566,1.44710119155152,1.96956315533851,0.720931666526274,0.317131155919539,-4.24443465184859,0.649118635584445,-0.373524055690476,-2.54851600697433,-5.4431794681589
40,1.00028419988054,1.34106080968434,1.35802333756921,1.42923442412907,1.94447540246631,0.690733632966553,0.281488838646832,-4.31054676224527,0.537173688057439,-0.555431721996161,-2.82988172176653,-5.75128618577803
41,0.997021324095535,1.33432384676133,1.34711873994966,1.41108100258443,1.91925052399053,0.661814978338184,0.24815397197367,-4.37382654233274,0.425690332599186,-0.7400203886851,-3.1225260047563,-6.07181075100125
42,0.993737427271072,1.32760647743503,1.33627018677697,1.39266082473355,1.893984877145,0.634099783874674,0.216995743634032,-4.43405556909333,0.315365443136449,-0.927354422712456,-3.42701627345709,-6.4048370106353
43,0.990436856126282,1.32092023673713,1.32548683443878,1.37399826078499,1.86877865221912,0.607492425452376,0.187869601445602,-4.49098040110275,0.206786980008199,-1.11753242231665,-3.74359376774879,-6.75002761919381
44,0.987124029416218,1.31427607202241,1.31477674354344,1.35512205045198,1.84373363979114,0.581883957507029,0.160630024633507,-4.5443148880712,0.100399524303213,-1.31064441930765,-4.07210446164072,-7.10663253121691
45,0.983803430866165,1.30768432408238,1.30414700232408,1.33606509640279,1.81895096972077,0.557158969438423,0.135142510682127,-4.593747329686,-0.00351870292693675,-1.50672448517971,-4.41195321647233,-7.47354044553314
46,0.980479601675119,1.30115471860895,1.29360386700309,1.31686416296666,1.79452891055151,0.533202545670682,0.111294036249007,-4.6389521485387,-0.104865255345058,-1.70570347683957,-4.76208652635199,-7.84937030819425
47,0.977157132629621,1.29469636761671,1.28315291519487,1.29755949136207,1.77056081298617,0.509906964650587,0.0890013874412091,-4.67960530671124,-0.203708578938669,-1.90736651335958,-5.12100767402326,-8.23259444023975
48,0.973840655872826,1.28831778023835,1.27279920824491,1.27819434458604,1.74713327226178,0.487177799217295,0.0682169240822144,-4.71540230056167,-0.300269528076974,-2.11131928969132,-5.4868261774898,-8.6216790616899
49,0.970534836376599,1.28202688213539,1.26254745834269,1.258814496465,1.72432457211561,0.464939127502181,0.048931529923527,-4.74607725804227,-0.394891279295175,-2.31696666578163,-5.8573408224019,-9.01522286096642
50,0.967244363166904,1.27583104262004,1.25240219630174,1.23946768020665,1.70220345834744,0.443137625106134,0.0311746923574724,-4.77142148209723,-0.488000652095922,-2.52350621214959,-6.23015212679105,-9.41207102599439
51,0.963973940354261,1.26973710846541,1.24236793606314,1.22020301211321,1.68082827363152,0.421745380427493,0.0150118388976698,-4.79129976815584,-0.580064453383325,-2.72993854330325,-6.60279578061687,-9.81138195134274
52,0.960728278021829,1.26375144329212,1.23244933223828,1.20107040594406,1.66024646817544,0.400761350308103,0.000539223144080488,-4.80566299083642,-0.671544635650459,-2.93509524737555,-6.9728838729725,-10.2126272515883
53,0.957512083023984,1.25787997136052,1.22265132734978,1.1821199927848,1.64049448402587,0.380211447689052,-0.0121232084148537,-4.81455579597995,-0.762855839775907,-3.13768391869731,-7.3382365147623,-10.6155124327038
54,0.954330049747528,1.25212822456863,1.21297928584011,1.16340156024225,1.62159799517808,0.360147322514707,-0.0228404323871119,-4.81811871166171,-0.854328372537,-3.33634816715352,-7.69698412946941,-11.0198144444583
55,0.951186850886592,1.24650139145598,1.20343911238072,1.1449640233982,1.60357247192365,0.340643958379838,-0.0314718444327355,-4.81658454413944,-0.946178959278845,-3.5297385899473,-8.04762156148749,-11.425141893854
56,0.948087128280318,1.24100436704038,1.19403735251196,1.12685493828542,1.5864240266579,0.321796257975377,-0.0378810074358826,-4.81026947646971,-1.03849082098989,-3.71658879590613,-8.38900001126935,-11.8306329920718
57,0.945035483860136,1.23564180236641,1.1847812741617,1.10912006676921,1.57015049005145,0.303714828706429,-0.0419450412089675,-4.79955976449499,-1.13120383702135,-3.89578907261088,-8.72025137896579,-12.234615589556
58,0.942036470750488,1.23041815271815,1.17567892910978,1.09180299969875,1.5547426612406,0.286521205128821,-0.0435630998696511,-4.78489526831345,-1.22411482526886,-4.06644964657265,-9.04065050243946,-12.6342645005408
59,0.939094584563567,1.22533772354086,1.1667391939738,1.07494484310833,1.5401856734794,0.270342756921328,-0.0426634744151844,-4.7667512342069,-1.31688732974478,-4.22794607731676,-9.34943196336994,-13.025305812472
60,0.936214254924944,1.2204047132232,1.15797179077486,1.05858397016971,1.52646041731693,0.255307530373093,-0.0392089759811757,-4.74561974875158,-1.40906976210174,-4.37994126169705,-9.64558763157375,-13.4018366252545
61,0.933399837263054,1.21562325201064,1.14938728758848,1.04275583958967,1.51354496646849,0.241539258705423,-0.0332003896152446,-4.72199214608024,-1.50012030210652,-4.52238156399026,-9.92767761248314,-13.756347650479
62,0.930655604891369,1.21099743644655,1.14099708018687,1.02749287927122,1.50141595669793,0.229152753294251,-0.0246779276674395,-4.69634340152096,-1.58943662641567,-4.65546816043096,-10.1936901731622,-14.0800433019507
63,0.927985741407854,1.20653135886808,1.1328133559267,1.01282443236425,1.49004987472087,0.218249855757139,-0.0137207446206767,-4.66911923814706,-1.67638831482735,-4.77960805286612,-10.4409851897823,-14.3635289154831
64,0.925394333431941,1.20222913161483,1.12484904142614,0.998776761364248,1.47942422186335,0.208916092016357,-0.000444691134990016,-4.64072635311143,-1.76034969330575,-4.89535168253785,-10.6663498624386,-14.5978570698977
65,0.922885363695168,1.19809490573732,1.11711773580338,0.985373104707438,1.46951852547481,0.20121812623157,0.0150014235975196,-4.61152587508663,-1.84073092906687,-5.00332524077188,-10.8661833674232,-14.7757946931831
66,0.920462704497248,1.19413288411549,1.1096336314154,0.97263377937731,1.46031517945149,0.195202067465019,0.0324407301523247,-4.58182991754637,-1.9170054039261,-5.10416556414984,-11.0368073736746,-14.8930333285737
67,0.918130111535558,1.19034732901405,1.10241142414107,0.960576322390724,1.45180010329115,0.19089263767419,0.0516739956488265,-4.55190090745147,-1.98873175291125,-5.19846417123027,-11.1748726262814,-14.9490004818318
68,0.915891218112049,1.18674256420765,1.09546621529935,0.949215663668452,1.4439632165638,0.188293168553612,0.0724857547743327,-4.52195324718186,-2.05556944162595,-5.28672498482307,-11.2778030342883,-14.947011990749
69,0.913749529718188,1.18332297190502,1.08881340728614,0.938564322703727,1.43679873231146,0.187386358983513,0.0946505336803784,-4.49215680393703,-2.11728732406218,-5.36933805503454,-11.3441975155501,-14.8937210568265
70,0.911708418995198,1.18009298478465,1.08246859495656,0.928632621600613,1.43030527852552,0.188135696038984,0.117938867330145,-4.4626417057155,-2.17376521370205,-5.44656952930038,-11.3741073438713,-14.7980584110491
71,0.909771121064004,1.17705707352566,1.07644745468044,0.919428907433659,1.42448586140457,0.190487421743557,0.142122865427516,-4.4335039451519,-2.22498905048794,-5.51856643701283,-11.3691290373816,-14.6699913527925
72,0.907940729216646,1.17421973027544,1.07076563286357,0.91095977744584,1.41934768754301,0.194372915464029,0.166981142844906,-4.40481134092427,-2.27104069611348,-5.58537365985226,-11.3322953933306,-14.5194085168113
73,0.906220190958747,1.17158544854104,1.06543863556393,0.903230301314913,1.41490186456499,0.199711357867641,0.192302991889933,-4.37660947142867,-2.31208369780416,-5.64695973784599,-11.2677952034029,-14.3553127586573
74,0.904612304390678,1.16915870002346,1.06048172064723,0.8962442355385,1.41116300106988,0.206412545978754,0.217891731378639,-4.34892726897906,-2.34834650667959,-5.70324785804444,-11.1805876571145,-14.1853646349784
75,0.90311971491371,1.16694390893528,1.05590979372808,0.890004225874951,1.40814872719191,0.214379738923791,0.243567218197699,-4.32178203873597,-2.38010462520542,-5.7541484159125,-11.0759893990451,-14.0157234682081
76,0.901744912245995,1.16494542435128,1.05173730893793,0.884511994691068,1.40587915672218,0.223512428992932,0.269167549008818,-4.29518374029145,-2.40766301363862,-5.79958986190567,-10.9593011454039,-13.851094689827
77,0.900490227732762,1.16316749114213,1.04797817535584,0.87976851097409,1.40437631073319,0.233708951088132,0.294550012257688,-4.26913843804433,-2.43133984533457,-5.83954508729331,-10.8355160613653,-13.6948946714839
78,0.899357831934356,1.16161422003155,1.04464566973899,0.875774141630962,1.40366352112581,0.244868863885518,0.319591373856395,-4.24365088694138,-2.45145240776154,-5.87405130538645,-10.7091252726228,-13.5494654034367
79,0.898349732475614,1.16028955730096,1.04175235600095,0.872528783497584,1.40376483063205,0.256895056655571,0.344187594592531,-4.21872627142514,-2.46830564000203,-5.90322218237267,-10.5840150526897,-13.4162954726101
80,0.897467772140277,1.15919725464245,1.03931001171337,0.870031976191749,1.40470440368831,0.269695555408165,0.36825308463797,-4.19437115679458,-2.4821835107275,-5.92725179321784,-10.4634383384852,-13.2962234298377
81,0.896713627194332,1.1583408396321,1.03732956175155,0.868282996550852,1.40650596037045,0.283185019872078,0.391719601820349,-4.17059374350701,-2.49334319533518,-5.94641074615724,-10.3500392979136,-13.1896130414113
82,0.896088805922861,1.15772358726338,1.03582101907194,0.867280935888329,1.40919224336451,0.297285938076982,0.414534896943091,-4.1474035365803,-2.50201181913194,-5.96103546405433,-10.2459110013552,-13.096497947798
83,0.895594647365718,1.15734849294409,1.03479343249926,0.867024761675599,1.41278452582909,0.311929537547302,0.436661202670159,-4.1248105549592,-2.50838539842873,-5.97151208012043,-10.1526701156247,-13.0166974812821
84,0.895232320238241,1.15721824732239,1.03425484131491,0.86751336550899,1.41730216606266,0.327056441154943,0.458073653458026,-4.10282421056905,-2.51262953005719,-5.97825667359063,-10.0715369978206,-12.9499072596349
85,0.895002822024475,1.15733521326794,1.03421223637632,0.868745599355787,1.42276221317448,0.34261710152986,0.478758713660275,-4.0814519850841,-2.51488134506934,-5.98169364193861,-10.0034135449573,-12.8957687125766
86,0.894906978231383,1.15770140529357,1.03467152745803,0.870720302097378,1.4291790665083,0.358572050768258,0.498712679993552,-4.060698025561,-2.51525224533447,-5.98223390989944,-9.94895423892834,-12.8539215697936
87,0.894945441793981,1.15831847166226,1.03563751648868,0.873436318309481,1.43656419039704,0.374892002297478,0.517940313588999,-4.04056176937465,-2.51383097327478,-5.98025445870193,-9.9086279877755,-12.8240429208132
88,0.895118692622706,1.15918767938382,1.03711387636151,0.876892511050968,1.44492588493406,0.391557839516507,0.536453646230817,-4.02103669555019,-2.51068661676576,-5.97608037404374,-9.8827697517004,-12.8058759437219
89,0.895427037285716,1.16030990226504,1.0391031350177,0.881087770186036,1.45426911281268,0.408560521632879,0.554270995315044,-4.00210928459981,-2.5058712163183,-5.96997030647227,-9.8716217509205,-12.7992508808213
90,0.895870608820269,1.16168561213747,1.04160666453788,0.886021017454457,1.46459538188048,0.425900931380189,0.571416212621972,-3.98375825306627,-2.49942171466975,-5.96210594901106,-9.87536446096426,-12.8041003474679
91,0.896449366668932,1.16331487334793,1.04462467502674,0.891691209145132,1.47590268283597,0.443589682444757,0.587918183149407,-3.96595411259086,-2.49136106595811,-5.95258588464108,-9.89413774869017,-12.8204706014894
92,0.89716309673773,1.16519734055771,1.04815621313244,0.898097336834163,1.48818548141141,0.461646896864284,0.603810581878794,-3.94865908664946,-2.48169840015749,-5.94142394577532,-9.92805248771481,-12.8485299703211
93,0.898011411574804,1.16733225985824,1.05219916510637,0.905238426236647,1.50143476438356,0.48010195478645,0.619131888264938,-3.9318274011269,-2.47042821683678,-5.92855205181243,-9.97719288003564,-12.8885752243449
94,0.898993750669726,1.16971847317293,1.05675026437346,0.913113533805057,1.51563813877491,0.498993211180406,0.633925650243367,-3.91540594749967,-2.45752865966909,-5.91382733394299,-10.0416095428968,-12.9410362907144
95,0.900109380874765,1.17235442587671,1.06180510364767,0.921721740303822,1.53077998359491,0.518367666759435,0.648240981426443,-3.89933529942331,-2.44295899888257,-5.89704320064636,-10.1213032243546,-13.0064793144561
96,0.901357396951058,1.17523817752693,1.06735815168577,0.931062140212869,1.54684165337167,0.538280573877387,0.662133266726553,-3.8835510449107,-2.42665652237779,-5.87794382734031,-10.2161988116883,-13.0856076824101
97,0.902736722243523,1.17836741556091,1.07340277482388,0.941133825479422,1.56380173248923,0.558794952877941,0.675665042773838,-3.86798537715578,-2.40853310650003,-5.85624136114594,-10.3261091237359,-13.1792602146265
98,0.904246109489999,1.1817394717775,1.07993126348167,0.951935861860669,1.5816363389381,0.579980990670964,0.688907010141714,-3.85256886778641,-2.3884718026337,-5.83163491900506,-10.4506878777742,-13.2884052723576
99,0.905884141770856,1.18535134138128,1.08693486384501,0.96346725589478,1.60031947547406,0.601915291537141,0.701939124622439,-3.83723232761357,-2.36632383295241,-5.80383023905087,-10.5893712685806,-13.4141289946954
100,0.907649233606618,1.18919970432993,1.09440381494893,0.975726910417438,1.61982342534842,0.624679950642511,0.714851704809918,-3.8219086428104,-2.34190643349495,-5.77255864758811,-10.7413079085545,-13.5576152043174
101,0.909539632211948,1.19328094868734,1.10232739137501,0.988713566518105,1.64011918871791,0.648361423752339,0.727746483410921,-3.80653446023882,-2.315002009382,-5.73759386235066,-10.9052776241271,-13.7201136447482
102,0.91155341891537,1.19759119564763,1.11069395175049,1.00242572991333,1.66117695457373,0.673049172359729,0.740737520555387,-3.79105158590899,-2.28535906809035,-5.6987651049878,-11.0796010143564,-13.9028920342833
103,0.913688510754686,1.20212632585938,1.11949099318964,1.01686157991503,1.68296660157681,0.698834071972688,0.753951889637564,-3.77540795699189,-2.25269536381254,-5.65596507583995,-11.2620440220177,-14.1071658348865
104,0.915942662258785,1.20688200664504,1.12870521174989,1.03201885949142,1.7054582195895,0.725806582565847,0.767530040795301,-3.75955805205812,-2.21670361037126,-5.60915157414386,-11.44972528962,-14.3339975261379
105,0.918313467427149,1.21185371967918,1.13832256888771,1.04789474536209,1.72862264201171,0.75405469395237,0.781625745092229,-3.74346261773516,-2.17705999443632,-5.55834193155416,-11.6390388425811,-14.5841544784674
106,0.920798361918596,1.21703678866114,1.14832836379217,1.06448569763321,1.75243197733261,0.783661674607805,0.796405524987515,-3.72708761383604,-2.13343554063535,-5.50359995127729,-11.8256102913399,-14.8579113300962
107,0.923394625461161,1.22242640649418,1.15870731134936,1.08178728915669,1.77686012668144,0.814703669595965,0.812047484981916,-3.71040231376207,-2.0855101469493,-5.44501567641094,-12.0043100980139,-15.1547795910461
108,0.926099384495174,1.22801766146554,1.16944362535187,1.09979401557786,1.80188327269724,0.847247210795139,0.828739471565864,-3.6933765425131,-2.03298883211684,-5.38267900417691,-12.1693501813265,-15.4731454323844
109,0.92890961506149,1.23380556191029,1.18052110641572,1.118499087901,1.82748032383873,0.881346719491203,0.846676514691485,-3.6759770900948,-1.97561943630943,-5.31664886706902,-12.3144867621097,-15.8097994621101
110,0.931822145946645,1.23978505883873,1.19192323390797,1.1378942103279,1.85363329742805,0.917042096333127,0.866057534460471,-3.65816340182578,-1.91321072231608,-5.24692036676919,-12.4333391642835,-16.1593560283445
111,0.934833662096422,1.2459510660125,1.20363326102501,1.15796934708425,1.8803276243724,0.954356505308446,0.887081336458329,-3.63988271648715,-1.84564957588548,-5.1733928222789,-12.5198095332498,-16.5135948587336
112,0.937940708308653,1.25229847696951,1.21563431199953,1.178712482906,1.90755235873552,0.99329446549582,0.909941966227853,-3.62106489499044,-1.77291584387039,-5.0958421274169,-12.5685554211624,-16.860828740891
113,0.941139693215531,1.25882217852443,1.22790948025912,1.20010938277786,1.93530027623165,1.03384036574468,0.934823545805494,-3.60161725186501,-1.69509331755348,-5.01390104156695,-12.5754362512401,-17.1855167880074
114,0.944426893564546,1.26551706030824,1.24044192621569,1.22214335735487,1.96356784736157,1.07595751224212,0.961894769965367,-3.58141976397807,-1.6123754945433,-4.92705098114813,-12.5378410041701,-17.4684844749919
115,0.94779845880631,1.27237801996053,1.25321497324003,1.24479504121572,1.99235507336316,1.11958780666086,0.991303292664887,-3.56032107906426,-1.52506504481407,-4.83462844119134,-12.4548204925463,-17.6881920590759
116,0.951250415996091,1.27939996364908,1.26621220027372,1.26804219164754,2.02166517643314,1.16465213320551,1.02317028010931,-3.53813577351063,-1.4335663490705,-4.73584825915156,-12.3269935085613,-17.823339674799
117,0.954778675014285,1.28657780166551,1.27941752945788,1.29185951600844,2.05150413978733,1.21105150686001,1.05758544030907,-3.51464330647723,-1.33837103020624,-4.62984447274919,-12.1562563502338,-17.8565527616086
118,0.958379034109531,1.29390643893052,1.29281530711926,1.31621853581754,2.08188009801664,1.25866900346366,1.09460285455213,-3.48958907796783,-1.24003700172419,-4.5157275411121,-11.945375545399,-17.7780826022213
119,0.962047185766077,1.30138076033892,1.30639037645445,1.34108749555285,2.11280258376856,1.30737245633165,1.13423792923861,-3.46268791520762,-1.1391621423899,-4.39265435357526,-11.6975649142182,-17.5879739963464
120,0.965778722895043,1.30899561097972,1.32012814029388,1.36643132367338,2.14428164289319,1.35701786577192,1.17646575399907,-3.43363018067054,-1.03635420942205,-4.25990507294272,-11.4161362994403,-17.2956359778309
121,0.969569145346763,1.31674577138073,1.33401461241465,1.39221165260983,2.17632683663285,1.4074534290498,1.22122109317377,-3.40209051697335,-0.932198972932384,-4.11695892631105,-11.1042784826079,-16.9170555538243
122,0.973413866739098,1.32462592804643,1.34803645600361,1.41838690338773,2.20894615594716,1.45852406122949,1.26840015449108,-3.36773902577975,-0.827228762894738,-3.96356009207001,-10.7649770219637,-16.4710086787335
123,0.977308221593813,1.33263063968102,1.3621810080513,1.44491243916905,2.24214487933722,1.51007624395355,1.31786417584542,-3.33025443493266,-0.721893659412216,-3.79976524914559,-10.4010524387689,-15.975745280089
124,0.981247472770471,1.34075429961261,1.37643628868214,1.47174079034646,2.27592441120931,1.56196301154299,1.36944475558476,-3.28933856355768,-0.616537437915504,-3.62596628125387,-10.0152724480556,-15.4469439619916
125,0.98522681918427,1.34899109505587,1.39079099469323,1.49882195193551,2.3102811425165,1.61404886351098,1.42295073255684,-3.24473117889595,-0.511380123821844,-3.44288480298095,-9.61048712283932,-14.8969613756105
126,0.989241403791421,1.35733496396673,1.40523447688032,1.52610375193253,2.34520537874632,1.66621438110308,1.47817630897266,-3.19622418432114,-0.406508639027672,-3.25153897668497,-9.18974171869522,-14.3349870085848
127,0.993286321822408,1.36577955034942,1.41975670106757,1.55353228709845,2.3806803819151,1.71836032391057,1.53491001123847,-3.14367401625559,-0.301876554779072,-3.05318671915657,-8.75633621210384,-13.767655646927
128,0.997356629240554,1.37431815897091,1.43434819312319,1.58105242036028,2.41668157276649,1.770410991726,1.59294400927884,-3.08701118059962,-0.19731341591966,-2.84925212689504,-8.31381849201195,-13.1997833244968
129,1.00144735140015,1.38294371051633,1.44899996862475,1.60860833176716,2.4531759366216,1.82231665704124,1.6520832694646,-3.02624603412214,-0.0925434813805153,-2.64124334455797,-7.8659148506618,-12.6350324628384
130,1.00555349187531,1.39164869827823,1.46370344822833,1.63614411277606,2.49012167117422,1.87405490495191,1.71215400357331,-2.96147020184192,0.012786950277823,-2.43067011740066,-7.41641342247024,-12.0764185288432
131,1.00967004142786,1.40042514751023,1.47845036018396,1.66360439165598,2.52746810699524,1.92563075929575,1.77301089729597,-2.89285338811639,0.119075166902487,-2.21896819335707,-6.96902196463441,-11.5266371242083
132,1.01379198707959,1.40926457858805,1.49323263181327,1.69093497606742,2.56515592179478,1.97707552562575,1.83454265551316,-2.82063574312392,0.226722845984648,-2.00743603525132,-6.52722134526604,-10.988227479715
133,1.01791432125157,1.41815797510722,1.50804227211475,1.71808349747375,2.60311765794172,2.02844434146244,1.89667548498453,-2.74511633741296,0.336094864879952,-1.79718742268797,-6.09413217287715,-10.4636066406808
134,1.02203205093091,1.4270957580049,1.52287124797327,1.74500004104151,2.64127853987065,2.0798124897994,1.95937424396861,-2.66663862780162,0.447479380313295,-1.5891217842751,-5.67240642762936,-9.95501522171134
135,1.02614020682268,1.4360677667228,1.53771135671392,1.77163774414701,2.67955757445374,2.13127059988382,2.02264111733949,-2.58557403203317,0.561052608068287,-1.38391264002935,-5.26415056856414,-9.46441467419505
136,1.03023385244342,1.44506324832929,1.55255409794387,1.79795334657495,2.71786890391144,2.1829189259578,2.08651181884086,-2.50230484775455,0.676851561590102,-1.18201333579201,-4.87088239991899,-8.99337043818676
137,1.03430809311069,1.45407085539251,1.56739054776067,1.82390767600209,2.75612336814998,2.2348609554486,2.15104947217696,-2.41720775194217,0.794757457892761,-0.983678224449175,-4.49352120790454,-8.54294748442758
138,1.03835808478185,1.46307865324415,1.58221123846276,1.84946605342263,2.79423022229709,2.28719664829012,2.21633647167247,-2.33063901323329,0.914491592525326,-0.788996507689133,-4.13240904005101,-8.11363645960814
139,1.04237904269512,1.47207413709902,1.59700604687251,1.87459860478544,2.83209894633827,2.34001564405043,2.28246476222966,-2.24292236470994,1.03562431104241,-0.597935081541535,-3.7873600065178,-7.70532115615318
140,1.04636624976486,1.48104425930074,1.61176409426832,1.89928046725647,2.86964107768576,2.39339078940985,2.34952509745832,-2.15434024492296,1.15759640789307,-0.410386007835594,-3.45773368979656,-7.31729185926547
141,1.05031506468406,1.48997546675484,1.62647366072149,1.92349188114503,2.90677199462857,2.4473723325676,2.41759592406565,-2.06512884501974,1.27975104044553,-0.226213815591089,-3.14252788161952,-6.94830422653515
142,1.05422092968721,1.49885374839012,1.64112211634542,1.94721816157697,2.94341257910997,2.50198310231145,2.48673259042355,-1.97547711977315,1.40137322529026,-0.0452978927377038,-2.84048486442132,-6.59667936646452
143,1.05807937792841,1.50766469226436,1.65569587159502,1.9704495473742,2.97949069115651,2.55721493870404,2.5569575801159,-1.88552964500791,1.52173331412794,0.132434126352911,-2.55020445241865,-6.2604373184575
144,1.06188604043126,1.51639355170611,1.67018034831165,1.99318092820627,3.01494239434529,2.6130265726064,2.62825242289723,-1.79539294470548,1.64013059162214,0.306984846743835,-2.27025626089044,-5.93745302167846
145,1.06563665256965,1.52502531966607,1.68455997270356,2.01541145479503,3.04971288157761,2.66934306740143,2.70055183603318,-1.70514467816802,1.75593329297374,0.478278694322422,-1.99928346560379,-5.62562123679485
146,1.06932706004165,1.53354481024617,1.69881819089848,2.03714404064852,3.08375706262479,2.7260568445045,2.77374050384548,-1.6148448824113,1.86861184343154,0.646166027163912,-1.73609085811696,-5.32301519052374
147,1.07295322430226,1.54193674618672,1.71293750712014,2.0583847673364,3.11703978881946,2.78303022148556,2.84765272309909,-1.52454832091232,1.97776288026902,0.81043761248177,-1.47971135704081,-5.02802352246242
148,1.07651122742507,1.55018585092776,1.72689954394176,2.07914220855832,3.14953570521844,2.84009930478783,2.92207494167809,-1.43431691160476,2.08312252506683,0.970846177077902,-1.22944718216777,-4.73945189124518
149,1.07999727636744,1.55827694372461,1.74068512347743,2.09942669106569,3.18122873587232,2.89707900429239,2.99675101553625,-1.34423120765954,2.18456833467666,1.12713124024272,-0.984884371316107,-4.45657944555167
150,1.08340770661929,1.56619503619376,1.75427436780628,2.1192495127549,3.21211122282644,2.95376887922054,3.07138982239448,-1.25439999173743,2.28211029576382,1.27904356887559,-0.745881876697189,-4.17916587617698
151,1.08673898522098,1.57392542859719,1.7676468164038,2.13862213985514,3.24218275351191,3.00995948729767,3.14567471642941,-1.16496721649723,2.37587208205119,1.42636622142977,-0.512538784058722,-3.90741104967952
152,1.08998771314197,1.58145380414281,1.78078155789897,2.15755540600864,3.27144872369081,3.06543889314275,3.21927419868835,-1.07611576815115,2.46606452061811,1.56893006161999,-0.285144989806593,-3.64187513457892
153,1.09315062701852,1.58876631958859,1.79365737309982,2.17605873614007,3.29991869360441,3.11999899722522,3.29185312035973,-0.9880678214796,2.5529537759705,1.70662261210211,-0.0641217837450329,-3.3833715896996
154,1.09622460025476,1.59584969048685,1.80625288594912,2.1941394173219,3.32760460303604,3.17344137173103,3.36308373182354,-0.901081861434053,2.63682712285435,1.83939002077805,0.15004084858613,-3.13284768389285
155,1.09920664349913,1.60269126949424,1.81854671889364,2.2118019373864,3.35451891634298,3.2255823315005,3.43265593585222,-0.815446732844479,2.71795930912453,1.9672326411662,0.356843751561724,-2.89126717757272
156,1.10209390451418,1.60927911629898,1.83051764908376,2.22904740987193,3.38067277094382,3.27625702330755,3.50028619055164,-0.731473313741783,2.79658238600842,2.09019526462726,0.555829501210619,-2.65950773770695
157,1.10488366746535,1.6156020578787,1.84214476186447,2.24587310111108,3.40607420219363,3.32532238121392,3.56572462611443,-0.649484566259999,2.87286150103916,2.20835340827747,0.746620722303468,-2.43828222285085
158,1.10757335166067,1.62164973799467,1.8534075981732,2.26227207199021,3.43072651408071,3.37265886548768,3.62876007759506,-0.569804791232129,2.94687853243575,2.32179728920015,0.928943647154051,-2.22808891042693
159,1.11016050978,1.6274126550485,1.86428629271768,2.27823294327372,3.45462685889785,3.41817097361092,3.68922288231295,-0.492748900663549,3.0186246483119,2.43061521979578,1.10263660377318,-2.02919171161834
160,1.11264282563861,1.63288218766935,1.87476170015687,2.29373978954461,3.47776508025856,3.46178658039285,3.74698543489569,-0.418612439376408,3.08800198425158,2.53487813618621,1.267644833749,-1.84162791858334
161,1.1150181115357,1.63805060765826,1.88481550693783,2.30877216292342,3.50012286293547,3.50345522660921,3.80196062679733,-0.347662953323667,3.15483375087652,2.63462680468195,1.42400440992042,-1.66523834930406
162,1.11728430524377,1.64291108018507,1.89443032693295,2.32330524394324,3.52167322048428,3.54314552873347,3.85409841359307,-0.280133139780785,3.21888131251599,2.72986292990008,1.57181891054213,-1.4997130339804
163,1.11943946669899,1.64745765140677,1.90358977955918,2.33731011341961,3.5423803380499,3.58084192351105,3.90338084743252,-0.216216044538325,3.27986620524651,2.82054492596468,1.71123284284991,-1.34464484922293
164,1.12148177445715,1.65168522394674,1.91227854962184,2.3507541359821,3.56219977374942,3.61654098824934,3.94981598025955,-0.156062409612707,3.33749474179678,2.9065885560885,1.84240560659975,-1.19958370086879
165,1.12340952198223,1.65558952093684,1.92048242869353,2.36360144322448,3.58107900822307,3.65024758938541,3.99343108370519,-0.0997801325946019,3.39148279738094,2.98787207046925,1.96548913211197,-1.06408486708042
166,1.12522111383717,1.6591670395721,1.9281883383916,2.37581350225011,3.59895831895485,3.68197110765548,4.03426564315501,-0.047435681078285,3.44157856203041,3.06424496382477,2.08061135734103,-0.937746760307515
167,1.12691506184747,1.66241499535459,1.93538433643994,2.38734975377596,3.61577194434246,3.71172196851068,4.07236456690807,0.000942785768701626,3.48758143015344,3.13553910752287,2.18786659298859,-0.820235407911145
168,1.1284899813085,1.66533125840502,1.94205960687539,2.3981683029202,3.63144949270805,3.73950867281351,4.10777200846525,0.0453609022627346,3.52935570946872,3.20158083374639,2.28731273216089,-0.711295100710788
169,1.12994458730647,1.66791428339117,1.94820443617214,2.40822664531548,3.64591754382882,3.76533547779969,4.14052613411453,0.0858525435024941,3.56683839872868,3.26220256947164,2.378974334801,-0.610746621412422
170,1.13127769122133,1.6701630347593,1.95381017739909,2.41748241122146,3.65910138534174,3.78920082512957,4.17065508383104,0.122473609872385,3.60004084378243,3.31725281025565,2.46284995797784,-0.518475983056651
171,1.13248819747692,1.67207690905354,1.95886920478614,2.4258941107946,3.67092682360294,3.81109655550271,4.19817427704227,0.155295521664741,3.62904458531433,3.3666035383169,2.53892176226381,-0.434417504405479
172,1.13357510059958,1.67365565616733,1.96337486125188,2.43342186453913,3.68132200819573,3.83100789196607,4.2230851129163,0.18439877429503,3.65399212586913,3.41015456761731,2.60716540480974,-0.358535256178988
173,1.13453748264192,1.6748993013893,1.96732140153439,2.4400281041301,3.69021921109439,3.84891412082814,4.24537501484439,0.209866863308488,3.67507365062679,3.4478346860212,2.66755849345619,-0.290806473710396
174,1.13537451102229,1.67580807008169,1.97070393357048,2.4456782301875,3.69755650522877,3.86478985368654,4.26501867788066,0.231780831040196,3.69251093062948,3.47959981828015,2.72008635507455,-0.231209587188833
175,1.13608543682417,1.67638231676461,1.9735183606895,2.45034121511222,3.70327929252055,3.87860671944518,4.28198030244764,0.250214617811165,3.70653972323366,3.50542872473339,2.76474447808761,-0.179718271455939
176,1.13666959359202,1.67662246027457,1.97576132703178,2.45399014070177,3.70734163800992,3.89033531336104,4.29621654262589,0.265231325955909,3.71739197365064,3.52531696260733,2.80153762880206,-0.13630158860721
177,1.13712639665247,1.67652892652332,1.97743016837663,2.45660266188798,3.70970737409899,3.89994722208671,4.30767986603381,0.276880431898534,3.72527902908287,3.53926996189103,2.83047622184413,-0.100929102791015
178,1.13745534298081,1.67610210020656,1.97852287027958,2.45816138953681,3.71035094686891,3.90741694927891,4.31632201586229,0.285195917172726,3.73037692110098,3.54729610416138,2.85157096776607,-0.0735789633361149
179,1.13765601162413,1.6753422866051,1.97903803508294,2.45865418679132,3.7092579845915,3.91272358457152,4.32209728323024,0.290195239944987,3.73281457124376,3.54940064320078,2.86482706877228,-0.0542464973755269
180,1.13772806468317,1.67424968438854,1.97897485898985,2.45807437490814,3.70642557671807,3.91585208769614,4.32496533701529,0.291879038384455,3.73266554736389,3.54558117816306,2.8702392579444,-0.0429508746288442
181,1.13767124884565,1.67282437007843,1.97833311999058,2.45642084593279,3.70186225961459,3.91679409679206,4.32489341456321,0.290231447426403,3.72994375997008,3.53582519603617,2.86778878164758,-0.0397378798823076
182,1.1374853974547,1.67106629456016,1.97711317701201,2.45369808088939,3.69558771299882,3.9155482125845,4.32185774503202,0.285220919337616,3.72460325165553,3.52010995843396,2.85744304373011,-0.0446776595405841
183,1.13717043308694,1.66897529175602,1.97531598023989,2.44991607344399,3.68763217834753,3.91211975502527,4.31584415186588,0.276801461530701,3.71654200792413,3.49840474136392,2.83915812526188,-0.0578573498188295
184,1.13672637060619,1.6665510992927,1.9729430921486,2.44509016026124,3.67803561742758,3.90652003306611,4.30684785618965,0.264914235930581,3.70560950996023,3.47067517148108,2.81288384496462,-0.0793695666754294
185,1.13615332065055,1.66379339072091,1.96999671837589,2.4392407605372,3.66684663553169,3.89876520849937,4.29487257321923,0.249489495779464,3.69161756178465,3.43688916444965,2.7785705206925,-0.109298659180707
186,1.13545149350307,1.66070181857879,1.96647974721025,2.43239302848064,3.65412119992523,3.88887486858217,4.27992905415933,0.230448861480399,3.67435375668206,3.39702378349368,2.73617621404482,-0.147707241625253
187,1.13462120328957,1.65727606734097,1.96239579612644,2.42457642385004,3.63992118938076,3.87687044721897,4.26203327243909,0.207707951877587,3.65359680142067,3.35107221677578,2.68567305458114,-0.194625716760528
188,1.13366287244113,1.6535159150657,1.95774926351697,2.41582420704321,3.6243128154061,3.86277364912266,4.24120448251896,0.181179388449346,3.62913279357316,3.29905003187294,2.62705128704511,-0.250047237388237
189,1.13257703635403,1.64942130235061,1.95254538353333,2.40617286667993,3.60736495974587,3.84660503457034,4.21746339009184,0.150776176912825,3.60077145168621,3.24099990825365,2.56031997175701,-0.313929847365903
190,1.13136434817593,1.64499240703544,1.94679028177574,2.39566148910098,3.58914747580836,3.82838291380829,4.1908306637841,0.116415445601933,3.56836123783533,3.17699417182426,2.48550376724883,-0.386206480086531
191,1.13002558364442,1.64022972295328,1.9404910294594,2.3843310806986,3.56972950367198,3.80812268030058,4.16132599121526,0.0780224861916931,3.53180229802454,3.10713465138737,2.40263587464583,-0.466802209470582
192,1.12856164590251,1.63513414093239,1.93365569364351,2.37222385545248,3.54917784908336,3.78583668208022,4.12896783850459,0.0355350042213438,3.49105619084285,3.03154963250416,2.31174793753222,-0.555656820984103
193,1.12697357021521,1.6297070301911,1.92629338113721,2.35938250141193,3.52755547620598,3.76153469237174,4.09377401511849,-0.0110925512646638,3.44615149192157,2.95038798206075,2.21285836375911,-0.652749594507568
194,1.12526252851213,1.62395031824972,1.91841427379724,2.34584944107362,3.50492016168298,3.73522499691432,4.05576307931472,-0.0618847440728193,3.39718456179123,2.86381083321236,2.10596105629262,-0.758122361822623
195,1.12342983368301,1.61786656750639,1.91002965310187,2.33166610157743,3.4813233537598,3.70691606894163,4.01495654796215,-0.116841186252073,3.34431505276539,2.77198152500381,1.99101680743719,-0.871896585250783
196,1.12147694355606,1.61145904668756,1.90115191212398,2.31687221130436,3.45680927476461,3.67661875669481,3.9713818031174,-0.175933064997903,3.28775610231046,2.67505474733893,1.86794954796601,-0.994280508860639
197,1.11940546449326,1.60473179548708,1.89179455332652,2.30150513973195,3.43141429824499,3.64434886577111,3.92507552136393,-0.239100383015358,3.22775959942773,2.57316601074572,1.73664921255993,-1.12556338428857
198,1.11721715454148,1.59768968084793,1.88197217096014,2.28559929721915,3.40516662367599,3.61012998242784,3.87608739523154,-0.306250132308548,3.16459738596096,2.46642260611508,1.59698219898213,-1.26609529611507
199,1.11491392608463,1.59033844351486,1.87170041724594,2.26918561069833,3.37808626214271,3.57399635663886,3.82448387316371,-0.377255606060906,3.09853972144145,2.35489711999043,1.44880933028461,-1.41625303878487
200,1.11249784794817,1.58268473368985,1.86099595196646,2.25229109001489,3.35018533609273,3.53599564715202,3.77035161891346,-0.45195702223934,3.02983274234337,2.23862432593015,1.29200999999172,-1.57639458859244
201,1.1099711469149,1.57473613485142,1.84987637555182,2.23493849786425,3.32146868553638,3.49619132627732,3.71380038546291,-0.530163583169628,2.95867692473041,2.11760190890329,1.12650995351837,-1.74680669667227
202,1.10733620861853,1.56650117504795,1.83836014622303,2.21714613395019,3.29193476236833,3.45466455021715,3.65496501410104,-0.611657025500335,2.88520865923599,1.99179504911584,0.952309119387307,-1.92765173595333
203,1.10459557778939,1.55798932523797,1.82646648222488,2.19892774117441,3.26157678421801,3.41151532130115,3.59400630654176,-0.696196624275583,2.80948693175501,1.86114445923092,0.769505230333539,-2.11892094067608
204,1.10175195783489,1.54921098452243,1.81421525063392,2.18029253844151,3.23038410981765,3.36686280071869,3.5311105760539,-0.783525505756831,2.7314867609935,1.72557709671956,0.578308814855285,-2.32040141301898
205,1.09880820974562,1.54017745238694,1.80162684464518,2.16124538112806,3.19834378967299,3.32084467283721,3.46648776027366,-0.873378002558432,2.65110049572524,1.58501850343351,0.379045586941141,-2.53166363024564
206,1.0957673503257,1.53090088834162,1.78872205161321,2.14178704654559,3.16544223914478,3.27361551297297,3.40036806999443,-0.965487662245007,2.56814737197133,1.43940557035164,0.172143335194246,-2.7520746203638
207,1.09263254975406,1.52139425960473,1.77552191443349,2.12191463796387,3.13166697614574,3.22534416703941,3.33299724961064,-1.05959541110489,2.48239094898488,1.28869847226778,-0.0418979526382982,-2.98083950674815
208,1.08940712849055,1.5116712777192,1.76204758908987,2.10162209710549,3.09700836270614,3.17621021087957,3.26463062946897,-1.15545729466572,2.39356327013133,1.1328905368771,-0.262551950714182,-3.21707087231284
209,1.08609455354751,1.50174632521158,1.74832020135281,2.08090081162287,3.06146128877277,3.12639961595263,3.19552625045256,-1.25285118131081,2.3013939151044,0.97201488437641,-0.489324845177493,-3.45988162221028
210,1.08269843415401,1.49163437359711,1.73436070568606,2.05974030106851,3.02502673782889,3.07609980278758,3.12593742833039,-1.35158183698865,2.2056415927976,0.806146801973351,-0.721822077265801,-3.70849316825467
211,1.07922251684514,1.48135089419761,1.72018974940321,2.03812896239287,2.98771317724765,3.025494310537,3.05610519142411,-1.45148386275911,2.10612561584517,0.635401039275027,-0.959816215611305,-3.9623474267584
212,1.07567068001367,1.47091176336698,1.70582754501028,2.01605485415654,2.94953772165186,2.97475734648572,2.98625106258229,-1.55242212958957,2.00275451950198,0.459923582552123,-1.20330824119344,-4.22120901215641
213,1.07204692796564,1.46033316381057,1.69129375347957,1.99350649749603,2.91052702482942,2.92404850033552,2.9165706598046,-1.65428953449252,1.89554923832309,0.279878037237574,-1.45257448910149,-4.48524374522094
214,1.06835538452399,1.44963148373672,1.67660738093031,1.97047367148025,2.87071786476762,2.87350791207343,2.84722855640862,-1.75700211977258,1.78465861726441,0.0954275220474581,-1.70819243296961,-4.75506151750605
215,1.06460028622742,1.4388232155914,1.66178669085162,1.94694818084483,2.8301573968814,2.82325216787764,2.77835477209766,-1.86049181985472,1.67036558272275,-0.0932861183135234,-1.97104033452366,-5.03171554825055
216,1.06078597517258,1.4279248561006,1.64684913360574,1.92292457516933,2.78890306221314,2.77337116579013,2.71004316504971,-1.96469730487285,1.55308300080034,-0.286163099498069,-2.24226827956889,-5.31665552075737
217,1.05691689154862,1.41695280928017,1.63181129450626,1.89840080031468,2.74702214989761,2.72392614325604,2.64235186997706,-2.06955355752829,1.43333906563894,-0.483163169985935,-2.52324094169387,-5.61163800593767
218,1.05299756591333,1.4059232939731,1.61668886129389,1.8733787652816,2.70459102607013,2.67494899506405,2.57530578837351,-2.17498093647544,1.31175294162318,-0.684316288195316,-2.81545516757943,-5.91860288816722
219,1.04903261125876,1.39485225734144,1.60149661134398,1.84786481048479,2.66169405414134,2.62644293701472,2.50890099664954,-2.28087453949596,1.18900226774196,-0.889723458970926,-3.12043780106251,-6.23952833426308
220,1.04502671491364,1.38375529557892,1.58624841845359,1.82187006664277,2.61842224341884,2.57838449305343,2.44311080734837,-2.38709468301991,1.06578494308893,-1.09954573022264,-3.43963079134801,-6.57627875678166
221,1.04098463032723,1.37264758292568,1.57095727858329,1.79541069693367,2.5748716738536,2.53072670735261,2.37789310858851,-2.49345926534323,0.942778259871576,-1.31398085105048,-3.77427144418916,-6.9304602677361
222,1.03691116877748,1.36154380986285,1.55563535348595,1.76850801863292,2.53114175367382,2.4834034135153,2.31319852532096,-2.5997386850909,0.820598843188269,-1.53322876561439,-4.12527571462394,-7.3032967086577
223,1.03281119104317,1.35045813114789,1.54029403075228,1.74118850400162,2.48733337333793,2.43633433560657,2.2489788978746,-2.70565384974228,0.699766919325755,-1.75744863486952,-4.49313188330092,-7.69553702821801
224,1.02868959907686,1.33940412412769,1.52494399845049,1.71348366361678,2.44354702318722,2.38943075384193,2.18519556031187,-2.81087763588869,0.580678125566652,-1.98671116794992,-4.8778110606082,-8.10740202920521
225,1.02455132771221,1.32839475754061,1.50959533224491,1.68542981851636,2.39988094313338,2.3426014437266,2.1218269220874,-2.91503995723374,0.46358540499022,-2.22095056626862,-5.27869997977137,-8.53857556753324
226,1.02040133643558,1.31744237079665,1.4942575926489,1.65706777038255,2.35642937057218,2.29575859190345,2.05887490779473,-3.01773636317531,0.348592567830175,-2.45992035757366,-5.69456065181899,-8.98824214535662
227,1.01624460124875,1.30655866351238,1.47893992990631,1.62844238142825,2.31328094754992,2.24882340407232,1.99636988616674,-3.11853983858907,0.235659965259807,-2.70315697778894,-6.12352070294698,-9.45516930640977
228,1.01208610664561,1.29575469487881,1.46365119390315,1.59960207762885,2.27051734029395,2.20173114796613,1.93437381482264,-3.21701521824119,0.124621559991522,-2.94995435932668,-6.56309746184654,-9.93782909884744
229,1.00793083772299,1.28504089225978,1.44840004648599,1.57059829041394,2.22821211399675,2.15443541447728,1.8729814350566,-3.31273538774348,0.0152116391607291,-3.19935219288688,-7.01025779310989,-10.4345480680977
230,1.00378377244177,1.27442706826044,1.43319507360394,1.54148485288396,2.18642989380758,2.10691142908081,1.81231946482137,-3.40529824339528,-0.092901381207581,-3.45014003278833,-7.46151383368127,-10.9436700478394
231,0.999649874052105,1.26392244537122,1.41804489479111,1.51231736704305,2.14522583002828,2.05915830002405,1.75254385181508,-3.49434325425886,-0.200077092221753,-3.70087896270222,-7.91305173256754,-11.4637110632644
232,0.995534083693194,1.25353568718605,1.40295826766108,1.48315255845701,2.10464537227186,2.01120014585221,1.69383525638715,-3.5795664371493,-0.306664349965086,-3.94994194950521,-8.36088599773031,-11.9934818148931
233,0.991441313175772,1.24327493511422,1.38794418528757,1.45404763418681,2.06472434455333,1.96308609961892,1.63639303034609,-3.66073263563635,-0.412964684379511,-4.19557303919631,-8.80102642220385,-12.5321512748309
234,0.987376437953012,1.23314784945423,1.37301196458644,1.42505965885706,2.02548930160599,1.91488923801782,1.58042803758976,-3.73768418993494,-0.519200497969388,-4.43596397715478,-9.22963887674961,-13.0792252661356
235,0.983344290283507,1.22316165367505,1.35817132408776,1.39624496235204,1.98695813670612,1.86670452865389,1.52615472127894,-3.81034538048816,-0.62549014075989,-4.66934461487163,-9.64317739106117,-13.6344162137356
236,0.979349652588334,1.21332318075375,1.34343244978173,1.36765859095388,1.94914090334901,1.81864592628304,1.47378285640045,-3.87872239210212,-0.731831307222976,-4.89408081897198,-10.038465142932,-14.1973837630316
237,0.975397251002496,1.20363892044674,1.32880604803164,1.3393538118201,1.91204080749641,1.77084277810261,1.42350943364728,-3.94289893354146,-0.838093532010452,-5.10877105802715,-10.4127079953334,-14.7673301366483
238,0.971491749120005,1.19411506642335,1.31430338486174,1.31138167861514,1.87565532388433,1.72343571851143,1.37551109988646,-4.00302801106653,-0.944019907753818,-5.31233116201818,-10.763436358113,-15.3424401106488
239,0.967637741930787,1.18475756226122,1.29993631123969,1.2837906639398,1.83997738897093,1.67657224498018,1.32993753341151,-4.05932064958281,-1.04923753878851,-5.50405667739879,-11.0883876382749,-15.9191682358136
240,0.963839749946877,1.17557214539094,1.28571727427515,1.25662636201782,1.804996624313,1.63040216890506,1.28690606215094,-4.11203255029703,-1.15327569934197,-5.68365421772428,-11.385358757201,-16.4914062440128
241,0.960102213514796,1.16656438817904,1.27165931454038,1.22993126296998,1.77070054719037,1.5850731289892,1.24649774550834,-4.16144975446189,-1.25559020067593,-5.85123711476862,-11.6520716013552,-17.0496288893713
242,0.956429487310739,1.15773973544988,1.25777604998077,1.20374459799973,1.73707572978796,1.54072634052985,1.20875504259658,-4.20787435212028,-1.35559210793318,-6.00728576801482,-11.8860995052491,-17.5802346938213
243,0.952825835014907,1.14910353786565,1.2440816471172,1.17810225298255,1.70410887380744,1.49749273299276,1.17368108921997,-4.25161115074925,-1.45267870620408,-6.15257821508118,-12.0848967535218,-18.0654644573997
244,0.949295424161361,1.14066108070625,1.23059078044416,1.15303674634469,1.67178777362357,1.45548960171217,1.14124051098736,-4.29295602888226,-1.54626451941434,-6.28810042136264,-12.2459543177269,-18.484419439841
245,0.945842321159838,1.13241760771324,1.21731858109609,1.12857726576695,1.64010214766041,1.41481786898191,1.11136161745237,-4.33218647511505,-1.6358102527613,-6.41494781000639,-12.3670751627854,-18.8156214713026
246,0.942470486486068,1.12437833978311,1.20428057598564,1.10474975718133,1.60904432421402,1.37556001689554,1.08393975760366,-4.36955458237501,-1.72084776502122,-6.53422942237936,-12.4467271683844,-19.0410215811204
247,0.939183770037473,1.11654848841113,1.19149261871369,1.08157705875442,1.57860977422013,1.33777872083341,1.05884157366509,-4.40528255429561,-1.80099956808644,-6.64698418775061,-12.4844012705746,-19.150397757375
248,0.935985906651315,1.10893326389603,1.17897081360943,1.05907907206975,1.5487974892412,1.30151618024712,1.03590986901839,-4.43956060090031,-1.87599186335449,-6.75411580904271,-12.4808892403739,-19.1443126450069
249,0.932880511782822,1.10153787841704,1.16673143428421,1.03727296252472,1.51961020806744,1.26679411398515,1.01496880598337,-4.4725469630149,-1.9456607050087,-6.85634951633075,-12.4384082875621,-19.0341306910785
250,0.929871077340972,1.0943675441852,1.15479083807457,1.0161733810231,1.49105449968703,1.23361436222112,0.995829167295841,-4.50436971102269,-2.00995146428499,-6.95421101150218,-12.3605370413198,-18.8390954313548
251,0.926960967680238,1.08742746695126,1.14316537771321,0.995792699347062,1.46314071392284,1.20196001712889,0.97829344735476,-4.53512991125642,-2.0689122914036,-7.04802567107126,-12.2519763436194,-18.58196505621
252,0.924153415746731,1.08072283522077,1.13187131150386,0.976141252097477,1.4358828137418,1.17179699043547,0.962160581063468,-4.56490573712917,-2.12268267867121,-7.13793458515684,-12.1181899106839,-18.2850264358016
253,0.921451519377686,1.07425880558407,1.12092471319204,0.957227578761969,1.4092981051372,1.1430759180858,0.947230164782129,-4.59375711531877,-2.17147848479169,-7.22392321554871,-11.9649999062891,-17.9675355477572
254,0.918858237753511,1.06804048461368,1.11034138262203,0.939058660265652,1.38340688161091,1.11573430027337,0.933306071432658,-4.62173053292325,-2.21557487612153,-7.3058582044072,-11.7982077912482,-17.6446694065275
255,0.916376388001991,1.06207290781581,1.10013675815693,0.921640145240741,1.35823200071076,1.08969877846683,0.920199406815286,-4.64886368285802,-2.2552885878372,-7.38352800162717,-11.6232890159489,-17.3275445034875
256,0.914008641954654,1.05636101614508,1.09032583171622,0.904976562177879,1.33379840989242,1.06488745895735,0.907730794280519,-4.67518968593647,-2.29096073658064,-7.45668337970149,-11.4451830086982,-17.0237826202485
257,0.911757523055419,1.05090963060475,1.08092306716,0.889071514559101,1.31013263827158,1.0412122038361,0.895732008538875,-4.70074069394728,-2.32294116557238,-7.52507448710318,-11.2681770597677,-16.738248778007
258,0.909625403422206,1.0457234254582,1.07194232262386,0.873927856985314,1.28726226971245,1.01858082407647,0.884047005894457,-4.72555074430944,-2.35157501451919,-7.58848180193296,-11.095868525315,-16.4737567664923
259,0.907614501062385,1.04080690057238,1.06339677728746,0.85954785117299,1.26521541126687,0.996899124432234,0.872532417538531,-4.7496578000208,-2.37719191621653,-7.64673914652785,-10.9311841489559,-16.2316593431291
260,0.905726877243157,1.03616435340224,1.0552988629468,0.845933301481483,1.24402016933747,0.976072765148803,0.861057585213969,-4.77310496582238,-2.40009795720461,-7.69974776787681,-10.7764357356746,-16.0123072930293
261,0.903964434018597,1.03179985110657,1.04766020065761,0.833085670325273,1.2237041441854,0.956008920133428,0.849504225364363,-4.79594092070841,-2.42057031881207,-7.74748132504492,-10.6333950362103,-15.8153911552501
262,0.902328911914992,1.02771720326205,1.04049154262712,0.821006174412054,1.20429395162774,0.936617724531003,0.83776580978705,-4.81821964675629,-2.43885434569278,-7.78998239249289,-10.50337529393,-15.640188523387
263,0.900821887776829,1.02391993561421,1.03380271945603,0.809695863219187,1.18581477905192,0.917813516081692,0.825746748846865,-4.83999956406215,-2.45516267234556,-7.82735172759658,-10.3873111669104,-15.4857395460913
264,0.899444772775928,1.02041126527287,1.02760259277231,0.7991556814735,1.16828998127874,0.89951588385379,0.813361458463511,-4.8613422013191,-2.46967596982166,-7.85973201531793,-10.2858321065388,-15.3509695720144
265,0.898198810586647,1.01719407772485,1.02189901325456,0.789386517634032,1.15174072038805,0.881650544780169,0.800533385248915,-4.88231054179886,-2.48254484771766,-7.88728806895685,-10.199326655802,-15.2347735815399
266,0.897085075730532,1.014270906001,1.01669878401369,0.780389240496154,1.13618565241439,0.864150072845992,0.787194056092003,-4.90296718616788,-2.49389245243414,-7.91018553581647,-10.1279966576956,-15.1360732080954
267,0.896104472094087,1.01164391229647,1.01200762928909,0.772164726046386,1.12164066285109,0.846954507867019,0.773282209763411,-4.92337246794704,-2.50381733357718,-7.92857005662724,-10.0719012426046,-15.0538540671673
268,0.895257731623957,1.00931487230448,1.00783016841566,0.764713876608501,1.10811865217219,0.830011870727236,0.758743059182409,-4.94358264591134,-2.51239619929511,-7.94254859934758,-10.0309908928232,-14.9871887497056
269,0.894545413203996,1.00728516248423,1.0041698950315,0.758037634143819,1.09562937208665,0.81327860994333,0.743527724143623,-4.96364828170832,-2.51968624258896,-7.9521743779871,-10.0051320248675,-14.9352490613181
270,0.893967901719424,1.00555575044344,1.00102916151905,0.752136989314102,1.08417931295404,0.796720000756689,0.727592865699548,-4.98361289171093,-2.52572678988429,-7.95743641692009,-9.99412250537168,-14.8973097494997
271,0.893525407313549,1.00412718857546,0.998409168704264,0.747012987598141,1.07377164268236,0.780310512912614,0.7109005450805,-5.00351194066165,-2.53054009729916,-7.9582544606348,-9.9976984073103,-14.8727449290582
272,0.893217964843055,1.00299961105018,0.996309960874544,0.742666733385371,1.06440619744942,0.764034157172101,0.69341832195727,-5.02337222182494,-2.53413119697412,-7.95447957377751,-10.0155321771942,-14.8610175917924
273,0.893045433538302,1.00217273421653,0.994730426215581,0.739099392568233,1.05607952468758,0.747884813725143,0.675119598897947,-5.04321164473248,-2.53648677414146,-7.94590043012529,-10.0472222624733,-14.8616619011366
274,0.893007496875422,1.00164586043271,0.993668302805624,0.736312193732745,1.04878497888773,0.731866538352976,0.655984210882036,-5.06303942760642,-2.5375731343139,-7.93225494779013,-10.0922741776796,-14.8742573845078
275,0.893103662667516,1.00141788529851,0.993120190340921,0.734306427620617,1.04251287085023,0.715993834745883,0.635999250537801,-5.08285666751932,-2.53733339819433,-7.91324658680532,-10.1500730067681,-14.8983936312054
276,0.893333263382396,1.00148730822088,0.993081567794178,0.733083444119917,1.03725067097632,0.700291874161903,0.615160111198907,-5.10265723765422,-2.53568413858988,-7.88856428556431,-10.2198474969728,-14.9336236977235
277,0.89369545669473,1.00185224620127,0.993546817227036,0.732644645652343,1.03298326699444,0.684796636966184,0.593471720807432,-5.12242893812998,-2.53251174720012,-7.85790468679712,-10.3006262616976,-14.9794041693445
278,0.894189226280537,1.00251045068911,0.994509253984219,0.732991475476835,1.02969327610069,0.669554944892319,0.570949930056006,-5.14215480541801,-2.52766888730035,-7.82099501756102,-10.3911872602734,-15.0350198348888
279,0.894813382862133,1.00345932730208,0.99596116348879,0.734125399137971,1.02736141081619,0.654624348505483,0.547623007982009,-5.16181446628986,-2.52097144763442,-7.7776147780764,-10.4900027577593,-15.0994913856656
280,0.895566565511452,1.00469595816912,0.997893844833013,0.736047877066811,1.025966896899,0.640072831720004,0.523533187634603,-5.18138540664405,-2.51219645854813,-7.72761430331488,-10.5951834792646,-15.1714657407162
281,0.89644724321979,1.00621712660828,1.00029766131608,0.73876032620608,1.02548794037753,0.625978294723611,0.498738193692275,-5.20084401480632,-2.50108145739973,-7.67092832702476,-10.7044277030517,-15.2490909461527
282,0.897453716741423,1.00801934380743,1.00316209801627,0.74226406849118,1.02590223919931,0.612427778654426,0.473312673430474,-5.22016625444522,-2.48732578912836,-7.60758292385002,-10.8149835040589,-15.3298816269356
283,0.898584120718336,1.01009887713347,1.00647582640188,0.746560264085954,1.02718753313708,0.599516400177001,0.447349442807553,-5.23932782555544,-2.4705942911861,-7.53769463211841,-10.9236349503536,-15.410587217868
284,0.899836426092585,1.0124517796546,1.01022677588108,0.751649827453115,1.02932218350497,0.587345971931149,0.420960451406782,-5.25830368435926,-2.45052373143018,-7.46146114251744,-11.0267250977225,-15.4870839055753
285,0.901208442812125,1.01507392042203,1.01440221206801,0.757533324640229,1.03228577197874,0.576023295771936,0.394277364471388,-5.2770668155053,-2.42673223593762,-7.37914362838038,-11.120229017451,-15.5543217315306
286,0.902697822834923,1.01796101502249,1.01898882140065,0.764210850583223,1.0360597054687,0.565658129692406,0.367451658375557,-5.29558618324301,-2.39883175718471,-7.29104153046354,-11.1998873860068,-15.606368227204
287,0.904302063435145,1.02110865588241,1.02397280158984,0.771681885768705,1.04062781167046,0.556360846020149,0.340654128780683,-5.31382383245972,-2.36644339331348,-7.19746133065587,-11.2614039970921,-15.636594229386
288,0.906018510813799,1.02451234178029,1.02933995720947,0.779945132245359,1.04597690773903,0.548239817349485,0.31407371966587,-5.33173116515412,-2.32921508585382,-7.09868150253899,-11.3006984528266,-15.6380385462741
289,0.907844364014862,1.02816750600513,1.03507579956085,0.788998329722311,1.05209732263272,0.541398586896364,0.287915597567724,-5.34924448203002,-2.28684091552098,-6.99491637447665,-11.3141896925755,-15.6039582555173
290,0.909776679146285,1.03206954258935,1.0411656497632,0.79883805331917,1.05898335220195,0.535932900462087,0.262398419683952,-5.36627995067954,-2.23908091293753,-6.88628205706877,-11.2990709056458,-15.5285188596836
291,0.911812373903351,1.03621383004321,1.04759474384296,0.809459495417794,1.06663362520324,0.531927696663453,0.237750777566883,-5.38272823873324,-2.18578004122361,-6.77276784649555,-11.2535276425966,-15.4075148722966
292,0.91394823239014,1.04059575202712,1.05434833842372,0.820856234980578,1.07505135824735,0.529454169066725,0.214206839936265,-5.39844912883864,-2.12688483258024,-6.6542165802315,-11.1768540843821,-15.2389637818632
293,0.916180910232744,1.04521071441894,1.06141181546083,0.833019998613668,1.08424447837951,0.528567026826614,0.192001267830335,-5.41326650758016,-2.06245611120703,-6.53031722859402,-11.0694393339894,-15.0234167065765
294,0.918506939975662,1.05005415826542,1.06877078432872,0.845940418530205,1.09422559365513,0.529302087913722,0.17136353102366,-5.42696418609723,-1.99267633978805,-6.40061246581633,-10.9326224736308,-14.7638919467454
295,0.920922736750867,1.05512156815273,1.07641117945977,0.859604793371751,1.10501179480733,0.531674339747009,0.152511813341936,-5.43928305798803,-1.91785039797616,-6.26452298120518,-10.7684435060664,-14.4654430453396
296,0.923424604206584,1.06040847558876,1.08431935165856,0.873997858537016,1.11662427495527,0.535676595099934,0.135646751999907,-5.4499201200487,-1.83839902728787,-6.12138879974823,-10.579337923021,-14.1344736830875
297,0.926008740680811,1.06591045706183,1.09248215118039,0.889101573208328,1.12908775928199,0.541278856043551,0.120945307157147,-5.45852986199068,-1.7548447222076,-5.97052590642014,-10.367829883923,-13.7779636947886
298,0.928671245602322,1.07162312652448,1.10088700067349,0.904894931623343,1.14242974266882,0.548428475498681,0.108555096646652,-5.46472846067529,-1.66779045742083,-5.81129418006387,-10.1362728393356,-13.4027603032356
299,0.931408126100015,1.0775421221479,1.10952195614469,0.921353806280238,1.15667954029927,0.557051175348504,0.0985895513075866,-5.46810108243181,-1.57789225104225,-5.64317038786574,-9.88667127510712,-13.0150357328543
300,0.934215303799294,1.08366308730013,1.11837575422214,0.938450830663943,1.171867164058,0.567052943243865,0.0911242432173867,-5.46821239806869,-1.48582710964376,-5.46581826188917,-9.62059883095531,-12.6199491156257
301,0.937088621782645,1.08998164581907,1.12743784415761,0.95615532872012,1.18802204589597,0.578322788955354,0.0861947085140645,-5.46462015167559,-1.3922583305496,-5.27914700124079,-9.33921089026571,-12.2215015091734
302,0.940023851689822,1.09649337177633,1.13669840323553,0.974433297672081,1.20517163788457,0.59073629751914,0.0837960268155952,-5.45689131015971,-1.29780041644991,-5.08335030454942,-9.0433362158981,-11.8225464254985
303,0.943016700931826,1.1031937540596,1.14614833453422,0.993247449872382,1.2233399270433,0.604159872867008,0.083884331696234,-5.44461998329629,-1.20298597328006,-4.87892030899992,-8.73362301079731,-11.4249109492238
304,0.946062819991814,1.11007815623424,1.15577924631439,1.01255731821419,1.24254591074606,0.618455524592975,0.0863803155455973,-5.42744598502066,-1.1082369178174,-4.66663425493789,-8.41070989990606,-11.029586224674
305,0.949157809785282,1.11714177227902,1.1655834126843,1.03231942821632,1.26280208509876,0.633486014390914,0.0911746645701813,-5.405072656498,-1.01384213014514,-4.4475156121604,-8.07539170178776,-10.6369536363678
306,0.952297229051521,1.12437957892086,1.17555371560451,1.05248753826858,1.2841130036303,0.649120149703005,0.0981352251071389,-5.37728244270506,-0.919943364489165,-4.22277494210553,-7.72875341787111,-10.2470201579154
307,0.955476601748275,1.13178628541648,1.18568356873649,1.07301294771916,1.30647396646576,0.665237992142856,0.10711557150595,-5.34394875018556,-0.826530793736008,-3.9937381912769,-7.3722531599772,-9.85964163041665
308,0.958691424421685,1.13935628174123,1.19596682410075,1.09384487054994,1.32986990042516,0.681735738812964,0.117964529435134,-5.30504283674273,-0.733449017448129,-3.76177101757272,-7.00774456049489,-9.47471648074633
309,0.961937173524566,1.14708358624363,1.20639766297611,1.11493087037372,1.3542744878841,0.698530036796082,0.130536116437861,-5.26063488655415,-0.640413717852833,-3.52820717067353,-6.63743965069389,-9.09233571285854
310,0.965209312656704,1.15496179390403,1.21697047293187,1.13621735045973,1.37964959655147,0.715561505456645,0.14469930182789,-5.21088896587931,-0.547038415421955,-3.29428726130716,-6.26382213248005,-8.71287899597893
311,0.968503299702492,1.16298402639525,1.22767971332276,1.15765009051728,1.40594505354737,0.732797267810371,0.16034696601234,-5.15605216627768,-0.452869981410425,-3.0611120193298,-5.8895267927495,-8.33705188616819
312,0.971814593842796,1.17114288517709,1.23851977197899,1.17917482010879,1.43309879548109,0.75023233060734,0.177403457742673,-5.0964388392711,-0.357430757217791,-2.82961189627561,-5.51720291451094,-7.96586544725124
313,0.975138662419826,1.1794304088656,1.24948481617637,1.20073781689371,1.46103741202698,0.767889701801479,0.195830206666465,-5.0324113247901,-0.260264383782941,-2.60053299505529,-5.14937838197852,-7.60056592458293
314,0.978470987636157,1.18783803609668,1.26056864125998,1.22228651649038,1.4896770843667,0.785819191947805,0.21562894552255,-4.96435890913764,-0.160981854899643,-2.37443797483796,-4.788337900583,-7.24252752200347
315,0.981807073071264,1.19635657505361,1.27176452050709,1.24377011964843,1.51892490258123,0.80409491027376,0.236842226939736,-4.89267687940302,-0.0593039821795655,-2.15171975832331,-4.43602464628864,-6.89312475742033
316,0.98514245000165,1.20497618074719,1.28306505994022,1.26514018170634,1.54868052853503,0.822811533519518,0.259551077739734,-4.81774746640857,0.0449035099638918,-1.93262541667804,-4.09397072515244,-6.55360185545165
317,0.988472683513163,1.21368634102668,1.29446206183009,1.28635116901614,1.57883815397293,0.842079492345804,0.283869810804522,-4.73992421312624,0.151605597641415,-1.71728734680333,-3.76325859537405,-6.22495531090825
318,0.991793378396879,1.22247587216007,1.30594640055571,1.30736096718559,1.60928868842271,0.862019281967992,0.30993820108075,-4.65952091611248,0.26058676572447,-1.50575865373741,-3.44451318100046,-5.90784270979332
319,0.995100184822486,1.23133292465634,1.31750791431075,1.3281313266402,1.639922098972,0.882755156371348,0.337911416583749,-4.57680581876339,0.371454312395038,-1.29804946886938,-3.13792262396867,-5.60252687825722
320,0.998388803785703,1.24024499981311,1.32913531586312,1.34862823214894,1.67062981483741,0.904408504926357,0.367948264318596,-4.49200124057389,0.483656071801349,-1.09416083563048,-2.84328423228566,-5.30886010555846
321,1.00165499232866,1.24919897726324,1.34081612519095,1.36882218457619,1.70130710444776,0.927091233060932,0.400198451052327,-4.40528835137542,0.596511081502641,-0.894112911885244,-2.56007099578269,-5.02630898646244
322,1.00489456853429,1.25818115356992,1.35253662634141,1.38868838518822,1.73185533187114,0.950899472547739,0.434789656363144,-4.3168163781054,0.70925049376299,-0.697964712595588,-2.28751299167559,-4.75401656077718
323,1.00810341629786,1.26717729168498,1.36428185029897,1.40820681530434,1.76218400292494,0.975907931032238,0.471815258731175,-4.22671518820357,0.821065119986778,-0.505823521816216,-2.02468715573782,-4.49089498343618
324,1.01127748988015,1.27617268084633,1.37603558502115,1.42736220687354,1.79221251906968,1.0021651553608,0.511323536617906,-4.13510994479675,0.931155496718248,-0.317843393926686,-1.77060840405035,-4.23573903974517
325,1.01441281824832,1.28515220625301,1.38778041312026,1.44614390259078,1.82187156881346,1.02968993135898,0.553309082800693,-4.04213638608736,1.03878029162055,-0.134213662312822,-1.52431512307299,-3.98734862999987
326,1.01750550921118,1.2941004276269,1.3994977769572,1.46454560734498,1.85110410126033,1.05846897764097,0.597707025446693,-3.94795525303388,1.14329918943002,0.044860192074954,-1.28494271042655,-3.74464719619501
327,1.02055175335642,1.30300166555413,1.41116807019118,1.48256503600287,1.87986584387696,1.08845601750394,0.644390454064852,-3.85276447978346,1.24420703068589,0.219179878527565,-1.05178014118341,-3.50678328597418
328,1.02354782779709,1.31184009430354,1.42277075411772,1.50020346566498,1.90812534566873,1.11957223621478,0.693171219111726,-3.75680796842973,1.34115682281429,0.388577899167364,-0.824306326185667,-3.27320426105097
329,1.0264900997349,1.32059983964845,1.4342844964511,1.5174652034649,1.93586354682986,1.15170805630304,0.74380403138805,-3.66038008222901,1.43397021012449,0.552937630479072,-0.602205097693865,-3.04369451109312
330,1.02937502984689,1.32926508007766,1.44568732958729,1.5343569836107,1.96307289562302,1.18472609566176,0.795993553790527,-3.56382538640692,1.52263499782825,0.712206857988369,-0.385359744414274,-2.81837504190635
331,1.03219917550161,1.33782014967532,1.45695682484081,1.55088730958659,1.98975605184591,1.21846511636104,0.849403974544972,-3.46753360818438,1.60729031387286,0.866402920824226,-0.173829884094286,-2.59766628163925
332,1.0349591938093,1.34624964088065,1.46807027870217,1.56706575915759,2.01592423291328,1.25274472909096,0.903670394899607,-3.37193023358066,1.68820091170442,1.01560898072358,0.0321850742573751,-2.38222055914812
333,1.03765184450971,1.35453850531078,1.47900490682745,1.58290227098595,2.04159527259118,1.28737059093272,0.95841126675702,-3.27746356039252,1.76572292141311,1.15996221599363,0.232390680306437,-2.17283419359248
334,1.04027399269925,1.3626721508425,1.48973804125933,1.5984064322322,2.06679147316355,1.32213982343109,1.01324108153937,-3.18458934086555,1.84026399784525,1.29963576135309,0.426444835104944,-1.97035099467306
335,1.0428226113979,1.37063653320448,1.50024732629819,1.61358678645911,2.09153733885699,1.35684638337512,1.06778253887836,-3.09375434133395,1.91224124028048,1.43481685891125,0.614002470380434,-1.77556906886534
336,1.04529478395434,1.37841824042727,1.51051090849543,1.62845018049378,2.11585728143989,1.39128613901755,1.12167750520336,-3.00538020293787,1.98204041915237,1.56568392992822,0.794752919501284,-1.58916135727741
337,1.04768770628652,1.38600456863398,1.52050761642735,1.64300116766447,2.13977338799079,1.42526143761473,1.17459619679624,-2.91984890871497,2.04997990422398,1.69238516644035,0.968446608248312,-1.41161772174878
338,1.04999868895298,1.39338358782602,1.53021712622194,1.65724148307309,2.16330333603582,1.45858499345377,1.22624417609138,-2.8374909653657,2.11628223553291,1.8150208608656,1.13490923845824,-1.24321315878999
339,1.05222515904934,1.40054419652266,1.53962010924135,1.67116960436648,2.18645853291914,1.49108297579842,1.27636692009133,-2.75857712213437,2.1810555408515,1.93363113436516,1.29404331789015,-1.08400333377217
340,1.05436466192317,1.40747616434511,1.54869835885597,1.68478040892109,2.20924254490105,1.52259723000357,1.32475189261931,-2.68331411009557,2.2442860502459,2.04819007320851,1.44581849237809,-0.933845471230497
341,1.05641486269933,1.41417016189035,1.55743489386472,1.69806493555607,2.23164986772821,1.5529866189294,1.37122821613719,-2.61184452902403,2.3058418934938,2.15860659901091,1.59025345343144,-0.792439985430304
342,1.05837354760822,1.42061777751103,1.56581403680001,1.7110102559433,2.25366507505119,1.58212752238788,1.4156641843819,-2.54425066876054,2.36548731298521,2.26473173023591,1.72739305772305,-0.659386277848425
343,1.06023862510841,1.42681152089926,1.57382146608237,1.7235994578916,2.27526236489409,1.60991357669819,1.45796297659244,-2.48056175420013,2.42290550477008,2.36637128020357,1.85728460594561,-0.534244994628825
344,1.06200812679619,1.4327448136566,1.58144424173721,1.7358117397434,2.29640550823949,1.63625477209072,1.49805702222014,-2.42076386710257,2.4777276120915,2.46330252541614,1.97995697593711,-0.416598805452036
345,1.06368020809496,1.43841196731472,1.58867080513008,1.7476226123225,2.31704818845991,1.66107605096895,1.53590151843914,-2.36481163607798,2.52956499906177,2.55529301522709,2.0954055642332,-0.306104448185336
346,1.06525314871867,1.44380814954304,1.59549095389556,1.75900420228464,2.33713470649412,1.68431556400778,1.57146762026392,-2.31264070407657,2.57804184253242,2.64211952311139,2.20358490574512,-0.202530302493765
347,1.06672535290502,1.44892933953527,1.60189579390727,1.76992564840855,2.35660101488529,1.70592274366512,1.60473580545007,-2.26417998065405,2.62282527216541,2.72358518716667,2.30440959575375,-0.105775921813066
348,1.06809534941621,1.45377227380075,1.60787767074287,1.78035358036822,2.37537603445705,1.72585634663054,1.63568986642403,-2.21936275948585,2.66365070677957,2.7995331508931,2.39776291755873,-0.0158724749059745
349,1.06936179130726,1.45833438379181,1.61343008362297,1.79025266787592,2.39338320071023,1.74408259943733,1.66431190397385,-2.17813592108242,2.70034060818568,2.8698554605304,2.48351154131146,0.0670344304304501
350,1.0705234554644,1.46261372697199,1.61854758523182,1.79958622679372,2.4105421830057,1.76057355685389,1.69057859870251,-2.14046663364586,2.73281552898016,2.93449654094179,2.56152391688299,0.142715904264739
351,1.07157924191918,1.46660891306596,1.62322567115223,1.80831686788345,2.4267707181164,1.77530575301955,1.71445892392045,-2.10634619549058,2.76109700333192,2.99345118186488,2.63168959598237,0.21089975346248
352,1.07252817294655,1.47031902732865,1.62746066285825,1.81640717328777,2.44198650050551,1.78825919301212,1.735913346077,-2.07579091196163,2.78530246831396,3.04675754372953,2.69393669821861,0.271313410732347
353,1.07336939195874,1.47374355272504,1.63124958830647,1.82382038559543,2.45610907433443,1.79941670000488,1.75489444443314,-2.04884014851788,2.80563297081875,3.0944861734096,2.74824505597414,0.323724059273935
354,1.07410216220958,1.47688229292225,1.63459006414736,1.8305210944145,2.46906167627773,1.80876360257289,1.77134877833558,-2.02555192989994,2.82235488686785,3.13672636235705,2.79465317851452,0.367971042327063
355,1.07472586532724,1.47973529796215,1.63748018344797,1.83647590573293,2.48077298326039,1.81628771991652,1.78521974489283,-2.00599664510006,2.83577724046783,3.17357136282848,2.83325798982247,0.403987024895949
356,1.07523999969628,1.48230279440539,1.63991841257993,1.84165407995611,2.49117872479534,1.82197958127884,1.79645110720949,-1.99024955454897,2.8462264482442,3.20510400314314,2.8642072239774,0.431806054093896
357,1.07564417871285,1.48458512161907,1.6419035005928,1.84602812534727,2.50022312530552,1.82583280071617,1.8049908368622,-1.97838286953536,2.85402042810984,3.23138412606723,2.88768530181297,0.451558411993479
358,1.07593812893919,1.4865826757231,1.64343440397137,1.8495743346308,2.50786014737176,1.82784452028294,1.81079490530253,-1.97045817987164,2.85944399314532,3.25243904077386,2.90389435369992,0.463453764465889
359,1.07612168818606,1.48829586251655,1.64451022917963,1.85227325372643,2.5140545120634,1.82801583383555,1.81383067678565,-1.96651994543881,2.86272730839839,3.26825785821641,2.91303269155156,0.467755415134576
360,1.0761948035533,1.48972506048252,1.64513019483736,1.85411007294132,2.51878247730297,1.82635210987188,1.81407959803833,-1.96659064711535,2.86402892756942,3.27879020357264,2.91527338269599,0.464749353928827
